{
    "ordererAddress": "0.0.0.0",
    "ordererPort": "5005",
    "couchdbAddress": "0.0.0.0",
    "couchdbPort": "5984",
    "vp0Address": "0.0.0.0",
    "vp0Port": "7061",
    "version": "2",
    "networks":
            "bridge",
    "services": {
        "zookeeper": {
            "image": "hyperledger/fabric-zookeeper",
            "container_name": "zookeeper",
            "networks": [
                 "bridge"
            ]
        },
        "kafka": {
            "image": "hyperledger/fabric-kafka",
            "environment": {
                 "KAFKA_BROKER_ID": "0",
                 "KAFKA_ZOOKEEPER_CONNECT": "zookeeper:2181",
                 "KAFKA_DEFAULT_REPLICATION_FACTOR": "3"
            },
            "depends_on": [
                 "zookeeper"
            ],
            "container_name": "kafka0",
            "networks": [
                 "bridge"
            ]
        },
        "ca": {
            "image": "hyperledger/fabric-ca",
            "command": "sh -c 'fabric-ca server start -ca /.fabric-ca/ec.pem -ca-key /.fabric-ca/ec-key.pem -config /etc/hyperledger/fabric-ca/server-config.json -address 0.0.0.0'",
            "ports": [
                 "7054:7054"
            ],
            "container_name": "ca0"
        },
        "orderer": {
            "image": "hyperledger/fabric-orderer",
            "restart": "unless-stopped",
            "environment": {
                "ORDERER_GENERAL_LEDGERTYPE": "ram",
                "ORDERER_GENERAL_MAXWINDOWSIZE": "1000",
                "ORDERER_GENERAL_LISTENADDRESS": "0.0.0.0",
                "ORDERER_GENERAL_LISTENPORT": "5005",
                "ORDERER_GENERAL_GENESISMETHOD": "provisional",
                "ORDERER_GENERAL_GENESISFILE": "./genesisblock",
                "ORDERER_RAMLEDGER_HISTORY_SIZE": "100",
                "CONFIGTX_ORDERER_ORDERERTYPE": "kafka",
                "CONFIGTX_ORDERER_ADDRESSES": "[0.0.0.0:5005]",
                "CONFIGTX_ORDERER_BATCHTIMEOUT": "10s",
                "CONFIGTX_ORDERER_BATCHSIZE_MAXMESSAGECOUNT": "10",
                "CONFIGTX_ORDERER_KAFKA_BROKERS": "0.0.0.0:9092"
            },
            "working_dir": "/opt/gopath/src/github.com/hyperledger/fabric/orderer",
            "command": "orderer",
            "ports": [
                 "5005:5005"
            ],
            "depends_on": [
                 "zookeeper",
                 "kafka0"
            ],
            "container_name": "orderer0",
            "networks": [
                 "bridge"
            ]
        },
        "couchdb": {
            "image": "hyperledger/fabric-couchdb",
            "command": "tini -- /docker-entrypoint.sh /opt/couchdb/bin/couchdb",
            "ports": [
                 "DBPORT:5984"
            ],
            "networks": [
                 "bridge"
            ],
            "container_name": "couchdb"
        },
        "peer": {
            "image": "hyperledger/fabric-peer",
            "restart": "unless-stopped",
            "environment": {
                 "CORE_PEER_ID": "peer",
                 "CORE_PEER_NETWORKID": "${CORE_PEER_ID}",
                 "CORE_PEER_ADDRESSAUTODETECT": "false",
                 "CORE_NEXT": "true",
                 "CORE_PEER_ADDRESS": "0.0.0.0:PORTID",
                 "CORE_PEER_NETWORKID": "${CORE_PEER_NETWORKID}",
                 "CORE_PEER_COMMITTER_ENABLED": "true",
                 "CORE_PEER_PROFILE_ENABLED": "true",
                 "CORE_PEER_DISCOVERY_PERIOD": "60s",
                 "CORE_PEER_DISCOVERY_TOUCHPERIOD": "60s",
                 "CORE_PEER_DISCOVERY_ROOTNODE": "peer0:7051",
                 "CORE_VM_ENDPOINT": "unix:///host/var/run/docker.sock",
                 "CORE_LEDGER_STATE_STATEDATABASE": "CouchDB",
                 "CORE_LEDGER_STATE_COUCHDBCONFIG_COUCHDBADDRESS": "couchdb0:5984",
                 "CORE_SECURITY_LEVEL": "256",
                 "CORE_SECURITY_HASHALGORITHM": "SHA2",
                 "CORE_LOGGING_LEVEL": "ERROR"
            },
            "working_dir": "/opt/gopath/src/github.com/hyperledger/fabric/peer",
            "volumes": [
                  "/var/run:/host/var/run/"
            ],
            "command": "peer node start",
            "links": [
                  "orderer",
                  "peer0",
                  "peer1",
                  "peer2"
            ],
            "ports": [
                  "PORTID:7051"
            ],
            "container_name": "vpID",
            "networks": [
                 "bridge"
            ]
        },
        "cli": {
            "container_name": "cli",
            "image": "hyperledger/fabric-peer",
            "tty": "true",
            "environment": {
                  "GOPATH":"/opt/gopath",
                  "CORE_PEER_ADDRESSAUTODETECT":"true",
                  "CORE_VM_ENDPOINT":"unix:///host/var/run/docker.sock",
                  "CORE_LOGGING_LEVEL":"ERROR",
                  "CORE_NEXT":"true",
                  "CORE_PEER_ID":"cli",
                  "CORE_PEER_ADDRESS":"peer0:7051"
            },
            "working_dir": "/opt/gopath/src/github.com/hyperledger/fabric/peer",
            "command": "/bin/sh",
            "links": [
                  "orderer0:orderer0",
                  "peer0:peer0"
            ],
            "volumes": [
                    "/var/run/:/host/var/run/",
                    "/opt/gopath/src/github.com/hyperledger/fabric/examples/:/opt/gopath/src/github.com/hyperledger/fabric/examples/"
            ],
            "depends_on": [
                  "orderer0",
                  "peer0"
            ],
            "networks": [
                  "bridge"
            ]
        }
    }
}
